query,response_text,num_results,response_time,retrieval_time,relevance_score
Sách dạy lập trình Python cho người mới bắt đầu,"Chào bạn!  Mình thấy bạn đang tìm sách lập trình Python cho người mới bắt đầu.  Mình có vài gợi ý thú vị dành cho bạn đấy!  Chúc bạn tìm được cuốn sách ưng ý nhé!
",5,3.6200504302978516,3.6200504302978516,1.0
Sách về machine learning và AI,"Chào bạn!  Bạn đang tìm sách về machine learning và AI đúng không nào?  Mình có vài gợi ý hay ho dành cho bạn đấy!
",5,2.7099859714508057,2.7099859714508057,1.0
Sách dạy nấu ăn Việt Nam,"Chào bạn!  Mình thấy bạn đang tìm sách dạy nấu ăn Việt Nam.  Mình có vài gợi ý hay ho dành cho bạn đấy!  Chúc bạn tìm được cuốn sách ưng ý nhé!
",5,2.8126041889190674,2.8126041889190674,1.0
Sách về quản lý tài chính cá nhân,"Chào bạn!  Mình thấy bạn đang tìm sách về quản lý tài chính cá nhân, thật tuyệt vời!  Mình có vài gợi ý hay ho dành cho bạn đấy, cùng xem nhé!
",5,2.8156821727752686,2.8156821727752686,1.0
Sách về lịch sử Việt Nam,"Chào bạn!  Bạn đang tìm sách về lịch sử Việt Nam phải không?  Mình có vài gợi ý thú vị dành cho bạn đấy!
",5,2.6489734649658203,2.6489734649658203,1.0
Cuốn sách Đắc Nhân Tâm nói về điều gì?,"Chào bạn!  Bạn đang tìm hiểu về nội dung cuốn sách ""Đắc Nhân Tâm"", phải không nào?  Rất tiếc, trong danh sách sản phẩm Tiki cung cấp, không có cuốn sách nào mang tên chính xác là ""Đắc Nhân Tâm"".  Tuy nhiên, mình thấy có một sản phẩm có liên quan là ""Đắc Nhân Tâm Cho Nhà Quản Lý (Thu Phục Lòng Người Bằng Tâm Và Tài)"".  

Dựa trên tên sách này, ta có thể suy đoán nội dung chính của sách (và cả cuốn ""Đắc Nhân Tâm"" gốc của Dale Carnegie, mà mình cho rằng đây là cuốn sách bạn đang tìm kiếm) xoay quanh nghệ thuật giao tiếp và ảnh hưởng đến người khác.  Sách không chỉ đơn thuần hướng dẫn cách thuyết phục người khác mà còn đề cập đến việc xây dựng mối quan hệ tốt đẹp, tạo nên sự tin tưởng và hợp tác hiệu quả.

""Đắc Nhân Tâm Cho Nhà Quản Lý""  như tên gọi, sẽ tập trung vào ứng dụng những nguyên tắc này trong môi trường quản lý.  Nó có thể sẽ hướng dẫn cách lãnh đạo đội nhóm, thúc đẩy hiệu quả công việc, giải quyết xung đột, và tạo dựng một môi trường làm việc tích cực bằng cách thấu hiểu và khéo léo tương tác với nhân viên.  

Mình bổ sung thêm một chút kiến thức ngoài thông tin sản phẩm:  Triết lý cốt lõi của ""Đắc Nhân Tâm"" (bản gốc) có phần liên quan đến  các nguyên tắc Phật giáo như:  tôn trọng,  lòng từ bi,  sự thấu hiểu,  và  nhận thức được nhu cầu của người khác.  Mặc dù không phải là một cuốn sách Phật giáo thuần túy, nhưng việc hiểu và ứng dụng những nguyên tắc giao tiếp hiệu quả trong ""Đắc Nhân Tâm"" có thể giúp bạn  tạo ra những mối quan hệ hài hòa và tích cực hơn trong cuộc sống, điều này cũng rất phù hợp với tinh thần từ bi và trí tuệ mà Phật giáo đề cao.

Tóm lại, dù không có thông tin chi tiết về cuốn ""Đắc Nhân Tâm"" bạn tìm kiếm, nhưng dựa trên sản phẩm liên quan và kiến thức chung, mình tin rằng cuốn sách này hướng dẫn bạn về nghệ thuật giao tiếp, ảnh hưởng tích cực đến người khác, và xây dựng mối quan hệ tốt đẹp, đặc biệt trong bối cảnh quản lý.  Hy vọng điều này giúp ích cho bạn!
",0,9.708746910095215,9.708746910095215,0.0
Nội dung chính của sách Nhà Giả Kim là gì?,"Chào bạn! Bạn đang tìm hiểu về nội dung chính của sách ""Nhà Giả Kim"" phải không?

Dựa trên mô tả sản phẩm, sách ""Nhà Giả Kim"" thuộc thể loại Truyện Giả tưởng - Huyền Bí - Phiêu Lưu, tác giả là Paulo Coelho. Mô tả chỉ nói ngắn gọn đây là một cuốn sách thuộc thể loại này, không đi sâu vào nội dung cụ thể.  Tuy nhiên, mình có thể bổ sung thêm kiến thức dựa trên hiểu biết chung về cuốn sách này nhé!

""Nhà Giả Kim"" kể về cuộc hành trình của Santiago, một chàng chăn cừu trẻ tuổi người Tây Ban Nha.  Anh theo đuổi giấc mơ tìm kiếm kho báu ở Kim Tự Tháp Ai Cập, một giấc mơ được dẫn dắt bởi những điềm báo và sự gặp gỡ với nhiều nhân vật khác nhau.  Trong hành trình đó, Santiago không chỉ tìm kiếm kho báu vật chất mà còn khám phá ra kho báu tinh thần vô giá.  Cuốn sách nhấn mạnh vào việc lắng nghe tiếng gọi của trái tim, theo đuổi đam mê, và ý nghĩa của việc trải nghiệm cuộc sống.

Những bài học sâu sắc trong ""Nhà Giả Kim"" xoay quanh chủ đề:

* **Theo đuổi giấc mơ:** Cuốn sách khích lệ người đọc dũng cảm theo đuổi giấc mơ của mình, dù cho con đường đó có khó khăn đến đâu.  Đây là một thông điệp rất tích cực và đầy cảm hứng.
* **Lắng nghe tiếng gọi của trái tim:** Santiago học được cách lắng nghe bản năng và trực giác của mình để dẫn đường trong hành trình.  Đây liên quan đến khía cạnh tâm linh và sự tự nhận thức bản thân.
* **Biến cố là cơ hội:** Những trở ngại và khó khăn mà Santiago gặp phải không phải là rào cản mà là cơ hội để anh học hỏi, trưởng thành và tiến gần hơn đến mục tiêu.
* **Vận mệnh và sự trùng hợp:**  Sách gợi mở về khái niệm vận mệnh và những sự trùng hợp ngẫu nhiên, những yếu tố tưởng chừng như ngẫu nhiên lại dẫn dắt Santiago đến đích.  Đây là một khía cạnh khá huyền bí và thú vị.
* **Kho báu nằm ở chính bản thân:**  Cuối cùng, Santiago nhận ra rằng kho báu thực sự không phải ở Kim Tự Tháp Ai Cập mà nằm ở chính hành trình và những bài học anh đã trải nghiệm.

Tóm lại, ""Nhà Giả Kim"" không chỉ là một câu chuyện phiêu lưu mạo hiểm mà còn là một cuốn sách triết lý sâu sắc về việc theo đuổi giấc mơ, lắng nghe bản thân và tìm kiếm ý nghĩa cuộc sống. Mình hy vọng điều này giúp bạn hiểu rõ hơn về nội dung chính của cuốn sách!
",0,6.705060720443726,6.705060720443726,0.0
Sách về phát triển bản thân,"Chào bạn!  Mình thấy bạn đang tìm sách về phát triển bản thân, thật tuyệt vời!  Mình có vài gợi ý sách hay về chủ đề này, cùng xem nhé!
",5,2.852264642715454,2.852264642715454,1.0
Truyện ngắn Nguyễn Nhật Ánh,"Chào bạn!  Mình thấy bạn thích truyện ngắn của Nguyễn Nhật Ánh, thật tuyệt!  Mình có vài gợi ý thú vị dành cho bạn đấy, cùng khám phá nhé!
",5,2.9026715755462646,2.9026715755462646,1.0
Sách về y học cổ truyền,"Chào bạn!  Mình thấy bạn đang tìm sách về y học cổ truyền, thật tuyệt!  Mình có vài gợi ý sách hay liên quan đến chủ đề này đấy, cùng xem nhé!
",5,2.7197136878967285,2.7197136878967285,1.0
